domains,avltree-sequential,avltree-sequential-throughput,avltree-sequential-sd,avltree-batched,avltree-batched-throughput,avltree-batched-sd,avltree-coarse-grained,avltree-coarse-grained-throughput,avltree-coarse-grained-sd
1,1.28165,780244.2164397456,0,3.05948,326852.92925595195,0.07099,2.73914,365078.09020349453,0.03602
2,1.28165,780244.2164397456,0,2.39966,416725.7028078978,0.36878,4.7542,210340.3306549998,0.11574
3,1.28165,780244.2164397456,0,1.76528,566482.3710686123,0.21639,5.02632,198952.71291919335,0.15643
4,1.28165,780244.2164397456,0,1.54193,648537.8713689985,0.04017,4.75462,210321.75021347657,0.12529
5,1.28165,780244.2164397456,0,1.45235,688539.2639515268,0.10285,4.2007,238055.56216821005,0.11287
6,1.28165,780244.2164397456,0,1.35162,739852.9172400526,0.10588,4.06498,246003.67037476198,0.06951
7,1.28165,780244.2164397456,0,1.33096,751337.3805373565,0.05405,4.08622,244724.9536246213,0.03692
8,1.28165,780244.2164397456,0,1.29578,771735.9428298014,0.05793,4.17192,239697.789027594,0.06143
