domains,avltree-sequential,avltree-sequential-throughput,avltree-sequential-sd,avltree-batched,avltree-batched-throughput,avltree-batched-sd,avltree-coarse-grained,avltree-coarse-grained-throughput,avltree-coarse-grained-sd
1,1.63593,611273.0984822089,0,3.36284,297367.7011097763,0.03644,3.26203,306557.5730450057,0.07005
2,1.63593,611273.0984822089,0,2.84585,351388.8644868844,0.46369,5.92748,168705.75691524896,0.16746
3,1.63593,611273.0984822089,0,1.92849,518540.41244704404,0.213,5.99521,166799.82852977628,0.12073
4,1.63593,611273.0984822089,0,1.60158,624383.4213713957,0.06628,5.37224,186142.09342843955,0.19143
5,1.63593,611273.0984822089,0,1.49455,669097.7217222576,0.09116,4.9276,202938.55020699732,0.09761
6,1.63593,611273.0984822089,0,1.40789,710282.7635681764,0.08098,4.71488,212094.47536310574,0.11118
7,1.63593,611273.0984822089,0,1.39044,719196.8010126292,0.0764,4.85491,205977.04179892107,0.15862
8,1.63593,611273.0984822089,0,1.39251,718127.6974671637,0.04479,4.83568,206796.14862852794,0.07286
