domains,avltree-sequential,avltree-sequential-throughput,avltree-sequential-sd,avltree-batched,avltree-batched-throughput,avltree-batched-sd,avltree-coarse-grained,avltree-coarse-grained-throughput,avltree-coarse-grained-sd
1,0.85162,1174232.6389704328,0,6.37632,156830.27200642377,0.02612,2.26277,441936.2109273147,0.04838
2,0.85162,1174232.6389704328,0,1.81677,550427.4068814435,0.09306,3.34926,298573.4162173137,0.25085
3,0.85162,1174232.6389704328,0,1.49158,670430.0138108584,0.10345,4.00385,249759.60637886036,0.1461
4,0.85162,1174232.6389704328,0,1.31793,758765.6400567556,0.07847,3.84075,260365.81396862594,0.13416
5,0.85162,1174232.6389704328,0,1.23961,806705.3347423786,0.06705,3.23068,309532.3585127589,0.05378
6,0.85162,1174232.6389704328,0,1.21541,822767.6257394623,0.06548,3.21288,311247.2298996539,0.05186
7,0.85162,1174232.6389704328,0,1.14265,875158.6225003282,0.08032,3.28308,304592.02943577373,0.07066
8,0.85162,1174232.6389704328,0,1.15517,865673.4506609417,0.03543,3.36282,297369.46967128775,0.06366
