domains,avltree-sequential,avltree-sequential-throughput,avltree-sequential-sd,avltree-batched,avltree-batched-throughput,avltree-batched-sd,avltree-coarse-grained,avltree-coarse-grained-throughput,avltree-coarse-grained-sd
1,1.70722,585747.5896486687,0,3.53443,282931.0525318085,0.04394,3.26013,306736.2344446387,0.04959
2,1.70722,585747.5896486687,0,2.66981,374558.48918087804,0.21395,6.08797,164258.36526789717,0.11081
3,1.70722,585747.5896486687,0,1.86694,535635.8533214779,0.09204,6.3766,156823.38550324625,0.1461
4,1.70722,585747.5896486687,0,1.62213,616473.4022550597,0.11534,5.7745,173175.16668109794,0.08379
5,1.70722,585747.5896486687,0,1.46201,683989.849590632,0.06498,5.00472,199811.3780591122,0.07335
6,1.70722,585747.5896486687,0,1.37293,728369.2540770469,0.06361,4.93725,202541.90085573954,0.07789
7,1.70722,585747.5896486687,0,1.36495,732627.568775413,0.09315,5.00543,199783.0356233131,0.16576
8,1.70722,585747.5896486687,0,1.32228,756269.473938954,0.12855,5.10686,195815.04094492504,0.07228
