domains,rbtree-sequential,rbtree-sequential-throughput,rbtree-sequential-sd,rbtree-batched,rbtree-batched-throughput,rbtree-batched-sd,rbtree-coarse-grained,rbtree-coarse-grained-throughput,rbtree-coarse-grained-sd
1,1.19981,833465.2986722897,0,3.02539,330535.89785118616,0.13811,2.65563,376558.48141495616,0.08416
2,1.19981,833465.2986722897,0,2.42243,412808.62604904996,0.24095,4.70469,212553.85583322172,0.11032
3,1.19981,833465.2986722897,0,1.68867,592182.0130635352,0.19271,4.71521,212079.63166009574,0.08945
4,1.19981,833465.2986722897,0,1.53133,653027.107155218,0.02298,4.5833,218183.40497021796,0.09116
5,1.19981,833465.2986722897,0,1.39143,718685.0937524706,0.03594,3.97741,251419.89385052084,0.05681
6,1.19981,833465.2986722897,0,1.29465,772409.531533619,0.02195,3.86354,258829.98493609487,0.05471
7,1.19981,833465.2986722897,0,1.27073,786949.2339049209,0.10727,3.79001,263851.5465658402,0.06528
8,1.19981,833465.2986722897,0,1.23445,810077.362388108,0.07116,3.93179,254337.08310972864,0.07241
