domains,rbtree-sequential,rbtree-sequential-throughput,rbtree-sequential-sd,rbtree-batched,rbtree-batched-throughput,rbtree-batched-sd,rbtree-coarse-grained,rbtree-coarse-grained-throughput,rbtree-coarse-grained-sd
1,1.46246,683779.3854190883,0,3.28879,304063.19649475947,0.08479,2.96115,337706.6342468298,0.08211
2,1.46246,683779.3854190883,0,2.78359,359248.30883858615,0.38846,5.46869,182859.14908323568,0.16222
3,1.46246,683779.3854190883,0,1.87469,533421.5256922478,0.08627,5.47238,182735.8480222499,0.05677
4,1.46246,683779.3854190883,0,1.54774,646103.3506919767,0.13055,5.14657,194304.1676300915,0.0661
5,1.46246,683779.3854190883,0,1.44835,690440.8464804777,0.07851,4.30828,232111.19054471856,0.08721
6,1.46246,683779.3854190883,0,1.38961,719626.3699887019,0.04365,4.28689,233269.33977778765,0.06555
7,1.46246,683779.3854190883,0,1.35483,738099.9830237004,0.03238,4.37406,228620.5493294559,0.09296
8,1.46246,683779.3854190883,0,1.351,740192.4500370097,0.08232,4.46405,224011.82782450912,0.10725
