domains,rbtree-sequential,rbtree-sequential-throughput,rbtree-sequential-sd,rbtree-batched,rbtree-batched-throughput,rbtree-batched-sd,rbtree-coarse-grained,rbtree-coarse-grained-throughput,rbtree-coarse-grained-sd
1,1.51566,659778.5783091194,0,3.43314,291278.538014762,0.06989,3.12241,320265.4359933513,0.07056
2,1.51566,659778.5783091194,0,2.68877,371917.2707223006,0.20194,6.06126,164982.1984207904,0.12971
3,1.51566,659778.5783091194,0,1.92575,519278.20329741656,0.17717,5.73814,174272.49945104163,0.2167
4,1.51566,659778.5783091194,0,1.57592,634549.9771562008,0.07369,5.369,186254.42354255915,0.31632
5,1.51566,659778.5783091194,0,1.53965,649498.2625921476,0.11527,4.57712,218477.99489635404,0.05592
6,1.51566,659778.5783091194,0,1.47014,680207.3271933285,0.09716,4.65601,214776.1710133784,0.11759
7,1.51566,659778.5783091194,0,1.36908,730417.5066467993,0.1285,4.67955,213695.76134457372,0.08578
8,1.51566,659778.5783091194,0,1.40362,712443.5388495461,0.10474,4.68104,213627.740843915,0.06411
