domains,rbtree-sequential,rbtree-sequential-throughput,rbtree-sequential-sd,rbtree-batched,rbtree-batched-throughput,rbtree-batched-sd,rbtree-coarse-grained,rbtree-coarse-grained-throughput,rbtree-coarse-grained-sd
1,0.87876,1137967.1355091266,0,6.31874,158259.39981705212,0.08245,2.29765,435227.29745609645,0.028
2,0.87876,1137967.1355091266,0,1.86877,535111.3299121882,0.1202,3.33164,300152.4774585489,0.12053
3,0.87876,1137967.1355091266,0,1.43842,695207.2412786251,0.17163,4.1515,240876.7915211369,0.12814
4,0.87876,1137967.1355091266,0,1.3171,759243.7931819907,0.03335,3.83958,260445.1528552602,0.05968
5,0.87876,1137967.1355091266,0,1.30326,767306.6003713764,0.09014,3.45536,289405.4454528616,0.18343
6,0.87876,1137967.1355091266,0,1.32063,757214.3598131195,0.12125,3.12103,320407.04511010787,0.07464
7,0.87876,1137967.1355091266,0,1.19686,835519.6096452384,0.07611,3.24814,307868.50320491113,0.06391
8,0.87876,1137967.1355091266,0,1.11174,899490.888157303,0.07353,3.3386,299526.74773857306,0.06777
