domains,treap-sequential,treap-sequential-throughput,treap-sequential-sd,treap-batched,treap-batched-throughput,treap-batched-sd,treap-coarse-grained,treap-coarse-grained-throughput,treap-coarse-grained-sd
1,1.29023,775055.6102400348,0,6.93816,144130.4322759925,0.05371,2.79761,357447.96451256605,0.07174
2,1.29023,775055.6102400348,0,2.14843,465456.17031972186,0.14796,5.25053,190456.96339226706,0.2713
3,1.29023,775055.6102400348,0,1.61397,619590.2030397096,0.13093,5.24934,190500.1390651015,0.11654
4,1.29023,775055.6102400348,0,1.49023,671037.3566496447,0.09681,5.07946,196871.32096718941,0.11009
5,1.29023,775055.6102400348,0,1.36358,733363.6456973555,0.04796,4.31161,231931.9233418607,0.09235
6,1.29023,775055.6102400348,0,1.25968,793852.406960498,0.03122,4.39492,227535.42726602533,0.08159
7,1.29023,775055.6102400348,0,1.21643,822077.7192275758,0.07947,4.40448,227041.55768671897,0.06949
8,1.29023,775055.6102400348,0,1.21297,824422.6980057214,0.07216,4.40548,226990.02151865404,0.07937
