domains,treap-sequential,treap-sequential-throughput,treap-sequential-sd,treap-batched,treap-batched-throughput,treap-batched-sd,treap-coarse-grained,treap-coarse-grained-throughput,treap-coarse-grained-sd
1,1.83524,544887.8620779844,0,3.45511,289426.385845892,0.03832,3.50748,285104.9756520351,0.06032
2,1.83524,544887.8620779844,0,2.56234,390268.2704090792,0.25181,6.42887,155548.33119972874,0.16832
3,1.83524,544887.8620779844,0,1.9438,514456.2197756971,0.13845,6.85237,145934.91011139212,0.19706
4,1.83524,544887.8620779844,0,1.60445,623266.5399358036,0.1721,6.10431,163818.67893340933,0.18106
5,1.83524,544887.8620779844,0,1.50435,664738.9237876823,0.10251,5.60412,178440.1476056901,0.07515
6,1.83524,544887.8620779844,0,1.41704,705696.3811889573,0.05058,5.73941,174233.93693776886,0.12025
7,1.83524,544887.8620779844,0,1.39463,717036.0597434444,0.08553,5.66921,176391.41961578422,0.07617
8,1.83524,544887.8620779844,0,1.40315,712682.1793821047,0.20342,5.76575,173437.97424446084,0.18206
