domains,treap-sequential,treap-sequential-throughput,treap-sequential-sd,treap-batched,treap-batched-throughput,treap-batched-sd,treap-coarse-grained,treap-coarse-grained-throughput,treap-coarse-grained-sd
1,1.59983,625066.4133064138,0,3.30285,302768.82086682715,0.10556,3.24943,307746.2816555519,0.04696
2,1.59983,625066.4133064138,0,2.16095,462759.434507971,0.19663,6.03972,165570.5893650699,0.11738
3,1.59983,625066.4133064138,0,1.80206,554920.479895231,0.18275,6.15338,162512.31030750577,0.16681
4,1.59983,625066.4133064138,0,1.50837,662967.3090819892,0.11241,5.63987,177309.05144976746,0.0967
5,1.59983,625066.4133064138,0,1.43233,698163.1327976094,0.06629,4.94475,202234.6933616462,0.10945
6,1.59983,625066.4133064138,0,1.30394,766906.4527508934,0.06752,4.9305,202819.18669506133,0.12884
7,1.59983,625066.4133064138,0,1.28671,777175.8982210443,0.05661,4.8852,204699.90993203962,0.06129
8,1.59983,625066.4133064138,0,1.40922,709612.4097018209,0.13641,5.06151,197569.50001086632,0.05774
