domains,treap-sequential,treap-sequential-throughput,treap-sequential-sd,treap-batched,treap-batched-throughput,treap-batched-sd,treap-coarse-grained,treap-coarse-grained-throughput,treap-coarse-grained-sd
1,1.76205,567520.7854487671,0,3.44986,289866.83517592016,0.06619,3.44595,290195.73702462314,0.02826
2,1.76205,567520.7854487671,0,2.81652,355048.0735091531,0.37972,6.4997,153853.25476560456,0.23987
3,1.76205,567520.7854487671,0,1.89546,527576.4194443566,0.08164,6.58569,151844.37773414783,0.30068
4,1.76205,567520.7854487671,0,1.65577,603948.6160517463,0.17027,6.38062,156724.58162372935,0.1818
5,1.76205,567520.7854487671,0,1.53079,653257.4683660071,0.15195,5.441,183789.7445322551,0.14098
6,1.76205,567520.7854487671,0,1.3999,714336.7383384528,0.10769,5.62151,177888.14749062085,0.10004
7,1.76205,567520.7854487671,0,1.32498,754728.3732584643,0.06527,5.47633,182604.04321872495,0.05306
8,1.76205,567520.7854487671,0,1.27472,784486.0047696749,0.07897,5.5749,179375.41480564672,0.15175
