domains,vebtree-sequential,vebtree-sequential-throughput,vebtree-sequential-sd,vebtree-batched,vebtree-batched-throughput,vebtree-batched-sd,vebtree-coarse-grained,vebtree-coarse-grained-throughput,vebtree-coarse-grained-sd
1,1.01209,988054.4220375658,0,6.6629,150084.79791081962,0.18389,2.45352,407577.6843066288,0.0251
2,1.01209,988054.4220375658,0,1.89388,528016.5585992776,0.12255,3.8089,262542.9914148442,0.14984
3,1.01209,988054.4220375658,0,1.63837,610362.7385755354,0.07345,4.5857,218069.2151688946,0.10242
4,1.01209,988054.4220375658,0,1.34254,744856.7640442742,0.04201,3.99766,250146.3356063297,0.06227
5,1.01209,988054.4220375658,0,1.26993,787444.9772822123,0.11287,3.5538,281388.9357870449,0.10062
6,1.01209,988054.4220375658,0,1.19141,839341.6204329324,0.12048,3.53234,283098.45598102105,0.04603
7,1.01209,988054.4220375658,0,1.20931,826917.8291753147,0.11741,3.53009,283278.8965720421,0.07382
8,1.01209,988054.4220375658,0,1.10984,901030.7792114179,0.12091,3.65836,273346.5268590297,0.05198
