domains,vebtree-sequential,vebtree-sequential-throughput,vebtree-sequential-sd,vebtree-batched,vebtree-batched-throughput,vebtree-batched-sd,vebtree-coarse-grained,vebtree-coarse-grained-throughput,vebtree-coarse-grained-sd
1,1.18392,844651.6656530846,0,6.79816,147098.62668722126,0.19512,2.66041,375881.9129382313,0.04902
2,1.18392,844651.6656530846,0,2.07344,482290.3001774828,0.29602,4.39006,227787.3195354961,0.35895
3,1.18392,844651.6656530846,0,1.55381,643579.3308062119,0.10839,4.65539,214804.7746805316,0.14262
4,1.18392,844651.6656530846,0,1.3899,719476.2213108857,0.14415,4.45082,224677.6998395801,0.0886
5,1.18392,844651.6656530846,0,1.21676,821854.7618264899,0.07997,3.63946,274766.03671973315,0.05638
6,1.18392,844651.6656530846,0,1.24757,801558.22919756,0.02543,3.71797,268963.9776544727,0.08229
7,1.18392,844651.6656530846,0,1.21153,825402.5901133277,0.14282,3.70277,270068.08416401775,0.04229
8,1.18392,844651.6656530846,0,1.05719,945903.763751076,0.03795,3.86009,259061.31722317354,0.05775
