domains,vebtree-sequential,vebtree-sequential-throughput,vebtree-sequential-sd,vebtree-batched,vebtree-batched-throughput,vebtree-batched-sd,vebtree-coarse-grained,vebtree-coarse-grained-throughput,vebtree-coarse-grained-sd
1,1.08756,919489.4994299165,0,6.59289,151678.55068111254,0.14037,2.61145,382929.02410538204,0.04529
2,1.08756,919489.4994299165,0,2.3636,423083.43205280084,0.37278,3.92839,254557.2104602649,0.26302
3,1.08756,919489.4994299165,0,1.55686,642318.5129041789,0.1063,4.51745,221363.8225104871,0.18195
4,1.08756,919489.4994299165,0,1.43648,696146.1349966585,0.11965,4.28129,233574.460034242,0.10786
5,1.08756,919489.4994299165,0,1.28907,775753.0622852134,0.07084,3.56757,280302.83918745816,0.08156
6,1.08756,919489.4994299165,0,1.15031,869330.8760247239,0.06108,3.68075,271683.7601032398,0.10735
7,1.08756,919489.4994299165,0,1.12176,891456.2829838824,0.07229,3.71159,269426.31055693113,0.07786
8,1.08756,919489.4994299165,0,1.09773,910970.8216045839,0.1067,3.66296,273003.25419879006,0.13396
