domains,vebtree-sequential,vebtree-sequential-throughput,vebtree-sequential-sd,vebtree-batched,vebtree-batched-throughput,vebtree-batched-sd,vebtree-coarse-grained,vebtree-coarse-grained-throughput,vebtree-coarse-grained-sd
1,0.66845,747999.1024010772,0,3.14458,159003.7461282588,0.03842,1.29129,387209.6895352709,0.03951
2,0.66845,747999.1024010772,0,1.03868,481380.21334771055,0.0784,2.10716,237286.20512917862,0.16858
3,0.66845,747999.1024010772,0,0.72005,694396.2224845497,0.05179,2.39319,208926.16131606765,0.05665
4,0.66845,747999.1024010772,0,0.71491,699388.7342462688,0.04013,2.14697,232886.3468050322,0.07021
5,0.66845,747999.1024010772,0,0.61519,812757.0344121328,0.03754,1.82996,273230.0159566329,0.03338
6,0.66845,747999.1024010772,0,0.60318,828939.9515899067,0.015,1.82193,274434.2537858205,0.02286
7,0.66845,747999.1024010772,0,0.58411,856003.1500915923,0.04267,1.89232,264225.92373382935,0.0205
8,0.66845,747999.1024010772,0,0.54291,920962.9588697943,0.03271,1.87362,266863.07789199514,0.02276
