domains,yfast-sequential,yfast-sequential-throughput,yfast-sequential-sd,yfast-batched,yfast-batched-throughput,yfast-batched-sd,yfast-coarse-grained,yfast-coarse-grained-throughput,yfast-coarse-grained-sd
1,3.01943,331188.33687152877,0,8.9586,111624.58419842385,0.08143,4.84415,206434.5654036312,0.07679
2,3.01943,331188.33687152877,0,3.51293,284662.66051415773,0.53046,9.03776,110646.8859540417,0.17217
3,3.01943,331188.33687152877,0,2.50366,399415.2560651207,0.21378,9.18958,108818.90140789896,0.12043
4,3.01943,331188.33687152877,0,2.1956,455456.36728001456,0.16989,8.68208,115179.77258905701,0.0825
5,3.01943,331188.33687152877,0,2.01459,496378.9158091721,0.11168,8.38141,119311.66712999363,0.131
6,3.01943,331188.33687152877,0,1.94654,513732.0579078776,0.16946,8.5955,116339.94532022571,0.12946
7,3.01943,331188.33687152877,0,1.84101,543180.1022264953,0.11455,8.52296,117330.1294385988,0.05051
8,3.01943,331188.33687152877,0,1.80186,554982.0740790073,0.10221,8.39652,119096.95921643727,0.17979
