domains,yfast-sequential,yfast-sequential-throughput,yfast-sequential-sd,yfast-batched,yfast-batched-throughput,yfast-batched-sd,yfast-coarse-grained,yfast-coarse-grained-throughput,yfast-coarse-grained-sd
1,2.27967,438659.9814885488,0,8.20709,121845.86741463782,0.07286,4.09758,244046.48597464847,0.08564
2,2.27967,438659.9814885488,0,2.61606,382254.229643051,0.14417,8.15035,122694.1174305398,0.15541
3,2.27967,438659.9814885488,0,2.15676,463658.4506389214,0.10536,8.25376,121156.90303570736,0.16192
4,2.27967,438659.9814885488,0,1.74016,574659.8013975726,0.11777,7.86673,127117.62066322348,0.14424
5,2.27967,438659.9814885488,0,1.57434,635186.8084403623,0.07984,7.40102,135116.5109674072,0.06201
6,2.27967,438659.9814885488,0,1.43129,698670.4301713839,0.06192,7.34292,136185.60463684745,0.13632
7,2.27967,438659.9814885488,0,1.37403,727786.1473184719,0.10906,7.293,137117.7841766077,0.18817
8,2.27967,438659.9814885488,0,1.3418,745267.5510508271,0.06589,7.1757,139359.2262775757,0.11964
