domains,yfast-sequential,yfast-sequential-throughput,yfast-sequential-sd,yfast-batched,yfast-batched-throughput,yfast-batched-sd,yfast-coarse-grained,yfast-coarse-grained-throughput,yfast-coarse-grained-sd
1,3.58594,278866.9079794977,0,9.66717,103442.88969781228,0.16258,5.47475,182656.74231700078,0.11142
2,3.58594,278866.9079794977,0,3.61374,276721.62358110986,0.44319,10.06415,99362.58899161877,0.36102
3,3.58594,278866.9079794977,0,2.92479,341904.8888980064,0.07609,10.07262,99279.03564315937,0.14888
4,3.58594,278866.9079794977,0,2.37266,421467.8883615857,0.1657,9.43355,106004.63240243598,0.10644
5,3.58594,278866.9079794977,0,2.17446,459884.29311185307,0.11023,9.20093,108684.66557184981,0.10725
6,3.58594,278866.9079794977,0,2.07912,480972.7192273654,0.07511,9.52456,104991.72665193984,0.08439
7,3.58594,278866.9079794977,0,2.00291,499273.556974602,0.03617,9.2362,108269.63469825253,0.06679
8,3.58594,278866.9079794977,0,2.0157,496105.57126556535,0.10452,9.45468,105767.72561313551,0.10022
