domains,yfast-sequential,yfast-sequential-throughput,yfast-sequential-sd,yfast-batched,yfast-batched-throughput,yfast-batched-sd,yfast-coarse-grained,yfast-coarse-grained-throughput,yfast-coarse-grained-sd
1,3.68454,271404.30012973124,0,9.6666,103448.9893033745,0.24992,5.37713,185972.81449397726,0.0423
2,3.68454,271404.30012973124,0,4.45852,224289.67460054008,0.38717,10.24955,97565.2589625886,0.49925
3,3.68454,271404.30012973124,0,2.92816,341511.39282006444,0.16313,10.20822,97960.27123239898,0.21857
4,3.68454,271404.30012973124,0,2.472,404530.74433656957,0.0688,9.91309,100876.71956978097,0.23629
5,3.68454,271404.30012973124,0,2.23823,446781.6086818602,0.09382,9.42209,106133.5648460161,0.10352
6,3.68454,271404.30012973124,0,2.01768,495618.7304230602,0.08378,9.5743,104446.27805688145,0.14877
7,3.68454,271404.30012973124,0,2.13363,468684.8235167297,0.11207,9.58291,104352.43574237888,0.13194
8,3.68454,271404.30012973124,0,1.99137,502166.8499575669,0.07833,9.72648,102812.11702486408,0.16915
